occupancy_status,year,consumption
Occupied,2020,56006.88
Occupied,2021,59854.55
Occupied,2022,269811.63
Occupied,2023,271266.41000000003
Occupied,2024,270558.33
Vacant,2020,622.0
Vacant,2021,1028.74
Vacant,2022,1247.26
Vacant,2023,880.21
Vacant,2024,681.1899999999999
