year,consumption
2020,56628.88
2021,60883.29
2022,271058.88999999996
2023,272146.62000000005
2024,271239.52
